<Ui xmlns="http://www.blizzard.com/wow/ui/" xmlns:xsi="http://www.w3.org/2001/XMLSchema-instance" xsi:schemaLocation="http://www.blizzard.com/wow/ui/
..\FrameXML\UI.xsd">

<Script file="HellfireAssault.lua"/>
<Script file="IronReaver.lua"/>
<Script file="Kormrok.lua"/>
<Script file="Council.lua"/>
<Script file="KilroggDeadeye.lua"/>
<Script file="Gorefiend.lua"/>
<Script file="ShadowLordIskar.lua"/>
<Script file="Socrethar.lua"/>
<Script file="FelLordZakuun.lua"/>
<Script file="Xhulhorac.lua"/>
<Script file="TyrantVelhari.lua"/>
<Script file="Mannoroth.lua"/>
<Script file="Archimonde.lua"/>
<Script file="Trash.lua"/>

<Include file="Options\options.xml"/>

</Ui>
