<Ui xmlns="http://www.blizzard.com/wow/ui/" xmlns:xsi="http://www.w3.org/2001/XMLSchema-instance" xsi:schemaLocation="http://www.blizzard.com/wow/ui/ ..\FrameXML\UI.xsd">
	<Script file="Libs\LibStub\LibStub.lua"/>
	<Script file="Libs\LibRaces-1.0\LibRaces-1.0.lua"/>
	<Script file="Libs\UTF8\utf8.lua"/>
	<Include file="Libs\CallbackHandler-1.0\CallbackHandler-1.0.xml"/>
	<Include file="Libs\AceGUI-3.0\AceGUI-3.0.xml"/>
	<Include file="Libs\AceConfig-3.0\AceConfig-3.0.xml"/>
	<Include file="Libs\AceDB-3.0\AceDB-3.0.xml"/>
	<Include file="Libs\AceDBOptions-3.0\AceDBOptions-3.0.xml"/>
	<Include file="Libs\LibSharedMedia-3.0\lib.xml"/>
	<Include file="Libs\AceGUI-3.0-SharedMediaWidgets\widget.xml"/>
	<Include file="Libs\AceLocale-3.0\AceLocale-3.0.xml"/>
	<Include file="Libs\DRData-1.0\DRData-1.0.xml"/>
	<Include file="Libs\LibPlayerSpells-1.0\lib.xml"/>
</Ui>
