<Ui xmlns="http://www.blizzard.com/wow/ui/" xmlns:xsi="http://www.w3.org/2001/XMLSchema-instance" xsi:schemaLocation="http://www.blizzard.com/wow/FrameXML/UI.xsd">

	<Script file="Gold.lua" />
	<Script file="StackSizes.lua" />
	<Script file="Scan.lua" />
	<Script file="ServerTrends.lua" />

	<Script file="Auctiontools-Core.lua" />
	<Script file="Auctiontools-View.lua" />
	<Script file="Auctiontools-Buy.lua" />
	<Script file="Auctiontools-Sell.lua" />
	<Script file="Auctiontools-Help.lua" />

	<Script file="Mailtools-Core.lua" />
	<Script file="Mailtools-View.lua" />
	<Script file="Mailtools-Collector.lua" />
	<Script file="Mailtools-Sender.lua" />

	<Script file="Goldguide-Core.lua" />
	<Script file="Goldguide-View.lua" />
	<Script file="Goldguide-Auctions.lua" />
	<Script file="Goldguide-Farming.lua" />
	<Script file="Goldguide-Gathering.lua" />
	<Script file="Goldguide-Crafting.lua" />
	<Script file="Goldguide-Info.lua" />
	<Script file="Goldguide-Common.lua" />
	<Script file="Goldguide-Help.lua" />

</Ui>