<Ui xmlns="http://www.blizzard.com/wow/ui/" xmlns:xsi="http://www.w3.org/2001/XMLSchema-instance" xsi:schemaLocation="http://www.blizzard.com/wow/ui/
..\FrameXML\UI.xsd">

<Script file="Skorpyron.lua"/>
<Script file="ChronomaticAnomaly.lua"/>
<Script file="Trilliax.lua"/>
<Script file="Aluriel.lua"/>
<Script file="Tichondrius.lua"/>
<Script file="Krosus.lua"/>
<Script file="Telarn.lua"/>
<Script file="Etraeus.lua"/>
<Script file="Elisande.lua"/>
<Script file="Guldan.lua"/>
<Script file="Trash.lua"/>

<Include file="Locales\locales.xml"/>
<Include file="Options\options.xml"/>

</Ui>
