<Ui xmlns="http://www.blizzard.com/wow/ui/" xmlns:xsi="http://www.w3.org/2001/XMLSchema-instance" xsi:schemaLocation="http://www.blizzard.com/wow/ui/
..\FrameXML\UI.xsd">

<Script file="Immerseus.lua"/>
<Script file="TheFallenProtectors.lua"/>
<Script file="Norushen.lua"/>
<Script file="ShaOfPride.lua"/>
<Script file="Galakras.lua"/>
<Script file="IronJuggernaut.lua"/>
<Script file="KorKron.lua"/>
<Script file="GeneralNazgrim.lua"/>
<Script file="Malkorok.lua"/>
<Script file="SpoilsOfPandaria.lua"/>
<Script file="Thok.lua"/>
<Script file="SiegecrafterBlackfuse.lua"/>
<Script file="ParagonsOfTheKlaxxi.lua"/>
<Script file="GarroshHellscream.lua"/>

<Include file="Options\options.xml"/>

</Ui>
