<Ui xmlns="http://www.blizzard.com/wow/ui/" xmlns:xsi="http://www.w3.org/2001/XMLSchema-instance"
    xsi:schemaLocation="http://www.blizzard.com/wow/ui/..\FrameXML\UI.xsd">

    <Cooldown name="ThreatPlatesAuraWidgetCooldown" setAllPoints="true" hidden="true" virtual="true">
        <SwipeTexture>
            <Color r="0" g="0" b="0" a="0.8"/>
        </SwipeTexture>
        <EdgeTexture file="Interface\Addons\TidyPlates_ThreatPlates\TidyPlatesInternal\Artwork\Edge"/>
    </Cooldown>

    <Script file="TidyPlatesStatusbar.lua"/>
    <Script file="TidyPlatesCore.lua"/>
    <Script file="TidyPlatesTemplate.lua"/>
    <Script file="TidyPlatesParser.lua"/>
</Ui>
