<Ui xsi:schemaLocation="http://www.blizzard.com/wow/ui/ ..\FrameXML\UI.xsd">
 <Script file="Lib\LibStub\LibStub.lua"/>
  <Include file="Lib\CallbackHandler-1.0\CallbackHandler-1.0.xml"/>
  <Include file="Lib\AceAddon-3.0\AceAddon-3.0.xml"/>
  <Include file="Lib\AceBucket-3.0\AceBucket-3.0.xml"/>
  <Include file="Lib\AceConsole-3.0\AceConsole-3.0.xml"/>
  <Include file="Lib\AceDB-3.0\AceDB-3.0.xml"/>
  <Include file="Lib\AceDBOptions-3.0\AceDBOptions-3.0.xml"/>
  <Include file="Lib\AceEvent-3.0\AceEvent-3.0.xml"/>
</Ui>