<Ui xmlns="http://www.blizzard.com/wow/ui/" xmlns:xsi="http://www.w3.org/2001/XMLSchema-instance" xsi:schemaLocation="http://www.blizzard.com/wow/ui/
..\FrameXML\UI.xsd">

<Include file="Highmaul\modules.xml"/>
<Include file="Highmaul\locales.xml"/>

<Include file="BlackrockFoundry\modules.xml"/>
<Include file="BlackrockFoundry\locales.xml"/>

<Include file="HellfireCitadel\modules.xml"/>
<Include file="HellfireCitadel\locales.xml"/>

<Include file="Draenor\modules.xml"/>
<Include file="Draenor\locales.xml"/>

</Ui>

