<Ui xmlns="http://www.blizzard.com/wow/ui/" xmlns:xsi="http://www.w3.org/2001/XMLSchema-instance" xsi:schemaLocation="http://www.blizzard.com/wow/ui/
..\FrameXML\UI.xsd">

<Script file="Libs\LibStub.lua"/>
<Script file="Libs\CallbackHandler-1.0\CallbackHandler-1.0.lua"/>
<!--@no-lib-strip@-->
<Include file="Libs\LibChatAnims\LibChatAnims.xml"/>
<Include file="Libs\AceGUI-3.0\AceGUI-3.0.xml"/>
<Include file="Libs\AceConfigRegistry-3.0\AceConfigRegistry-3.0.xml"/>
<Include file="Libs\AceConfigDialog-3.0\AceConfigDialog-3.0.xml"/>
<Include file="Libs\LibSharedMedia-3.0\lib.xml"/>
<Include file="Libs\AceGUI-3.0-SharedMediaWidgets\widget.xml"/>
<!--@end-no-lib-strip@-->

</Ui>
