<Ui xmlns="http://www.blizzard.com/wow/ui/" xmlns:xsi="http://www.w3.org/2001/XMLSchema-instance" xsi:schemaLocation="http://www.blizzard.com/wow/ui/
..\FrameXML\UI.xsd">

<Include file="EndlessSpring\modules.xml"/>
<Include file="EndlessSpring\locales.xml"/>

<Include file="HeartOfFear\modules.xml"/>
<Include file="HeartOfFear\locales.xml"/>

<Include file="Mogushan\modules.xml"/>
<Include file="Mogushan\locales.xml"/>

<Include file="Pandaria\modules.xml"/>
<Include file="Pandaria\locales.xml"/>

<Include file="SiegeOfOrgrimmar\modules.xml"/>
<Include file="SiegeOfOrgrimmar\locales.xml"/>

<Include file="ThroneOfThunder\modules.xml"/>
<Include file="ThroneOfThunder\locales.xml"/>

</Ui>

